{
    "loss": 0.3267782926559448,
    "accuracy": 0.8793103694915771
}