{
    "loss": 0.2389710545539856,
    "accuracy": 0.8965517282485962
}