{
    "loss": 0.18199914693832397,
    "accuracy": 0.9568965435028076
}